{"cameraMode":{"drawMode":0,"name":"Shaded","section":"Shading Mode"},"sceneLighting":true,"audioPlay":false,"sceneViewState":{"showFog":true,"showMaterialUpdate":false,"showSkybox":true,"showFlares":true,"showImageEffects":true,"showParticleSystems":true},"in2DMode":false,"pivot":{"x":8.893396377563477,"y":-6.202609539031982,"z":4.104074001312256},"rotation":{"x":0.3563444912433624,"y":-0.4492218792438507,"z":0.2015862613916397,"w":0.7940914630889893},"size":42.504520416259769,"orthographic":false}