{"cameraMode":{"drawMode":0,"name":"Shaded","section":"Shading Mode"},"sceneLighting":false,"audioPlay":false,"sceneViewState":{"showFog":true,"showMaterialUpdate":false,"showSkybox":false,"showFlares":true,"showImageEffects":true,"showParticleSystems":true},"in2DMode":false,"pivot":{"x":-2.690000057220459,"y":1.590000033378601,"z":-0.6620000004768372},"rotation":{"x":0.24349917471408845,"y":-0.5476158857345581,"z":0.17048417031764985,"w":0.7821510434150696},"size":0.23334503173828126,"orthographic":false}