{"cameraMode":{"drawMode":0,"name":"Shaded","section":"Shading Mode"},"sceneLighting":true,"audioPlay":false,"sceneViewState":{"showFog":true,"showMaterialUpdate":false,"showSkybox":true,"showFlares":true,"showImageEffects":true,"showParticleSystems":true},"in2DMode":false,"pivot":{"x":-1.7881393432617188e-7,"y":0.9419897794723511,"z":0.001896500587463379},"rotation":{"x":0.09754374623298645,"y":-0.6384481191635132,"z":0.08204716444015503,"w":0.7590372562408447},"size":3.2026150226593019,"orthographic":false}